{"cameraMode":{"drawMode":0,"name":"Shaded","section":"Shading Mode"},"sceneLighting":true,"audioPlay":false,"sceneViewState":{"m_AlwaysRefresh":false,"showFog":true,"showSkybox":true,"showFlares":true,"showImageEffects":true,"showParticleSystems":true,"showVisualEffectGraphs":true,"m_FxEnabled":true},"in2DMode":false,"pivot":{"x":-1.7406389713287354,"y":-38.073974609375,"z":-1.1133226156234742},"rotation":{"x":0.7148241400718689,"y":-0.00036110973451286554,"z":0.0003523905761539936,"w":0.6993916630744934},"size":50.25082778930664,"orthographic":false}