{"cameraMode":{"drawMode":0,"name":"Shaded","section":"Shading Mode"},"sceneLighting":true,"audioPlay":false,"sceneViewState":{"m_AlwaysRefresh":false,"showFog":true,"showSkybox":true,"showFlares":true,"showImageEffects":true,"showParticleSystems":true,"showVisualEffectGraphs":true,"m_FxEnabled":true},"in2DMode":false,"pivot":{"x":29.16636085510254,"y":0.09582673758268357,"z":13.809150695800782},"rotation":{"x":-0.0634981319308281,"y":-0.44007548689842226,"z":0.031206773594021798,"w":-0.8951951265335083},"size":28.41265106201172,"orthographic":false}