{"cameraMode":{"drawMode":0,"name":"Shaded","section":"Shading Mode"},"sceneLighting":true,"audioPlay":false,"sceneViewState":{"m_AlwaysRefresh":false,"showFog":true,"showSkybox":true,"showFlares":true,"showImageEffects":true,"showParticleSystems":true,"showVisualEffectGraphs":true,"m_FxEnabled":true},"in2DMode":false,"pivot":{"x":7.107248783111572,"y":39.394657135009769,"z":-29.903854370117189},"rotation":{"x":0.3983747959136963,"y":-0.02573857456445694,"z":0.010609712451696396,"w":0.9170241951942444},"size":1.4605309963226319,"orthographic":false}