{"cameraMode":{"drawMode":0,"name":"Shaded","section":"Shading Mode"},"sceneLighting":true,"audioPlay":false,"sceneViewState":{"m_AlwaysRefresh":false,"showFog":true,"showSkybox":true,"showFlares":true,"showImageEffects":true,"showParticleSystems":true,"showVisualEffectGraphs":true,"m_FxEnabled":true},"in2DMode":false,"pivot":{"x":-8.006267547607422,"y":-13.711360931396485,"z":17.801956176757814},"rotation":{"x":0.3458591103553772,"y":-0.05673142150044441,"z":0.020934026688337327,"w":0.9363917112350464},"size":28.41265106201172,"orthographic":false}